<?xml version="1.0" encoding="ISO-8859-1"?>
<PropertiesTreeModel xmlns:xsi="http://www.w3.org/2001/XMLSchema-instance" xsi:noNamespaceSchemaLocation="PropertiesTreeModel.xsd">
	<Folder name="Root">
		<Primitive type="Graph">
			<name>graph</name>
			<value><Graph>%graphscript

				graph 6 weighted

				graphcoordinates at 0 0

				startknoten A

				node A at 100 100
				node B at 250 100
				node C at 100 250
				node D at 250 250
				node E at 100 400
				node F at 250 400

				edge A B weight 1
				edge A C weight 1
				edge B D weight 1
				edge C D weight 1
				edge C E weight 1
				edge D F weight 1
				edge E F weight 1
</Graph></value>
			<description>Graph which gets cut</description>
		</Primitive>
		<AnimationProperties type="SourceCodeProperties">
			<AnimationPropertyItem type="ColorPropertyItem">
				<name>highlightColor</name>
				<isEditable value="true" />
				<label></label>
				<value><Color>(255, 0, 0)</Color></value>
			</AnimationPropertyItem>
			<AnimationPropertyItem type="ColorPropertyItem">
				<name>contextColor</name>
				<isEditable value="false" />
				<label></label>
				<value><Color>(0, 0, 0)</Color></value>
			</AnimationPropertyItem>
			<AnimationPropertyItem type="IntegerPropertyItem">
				<name>depth</name>
				<isEditable value="false" />
				<label></label>
				<value><int>1</int></value>
			</AnimationPropertyItem>
			<AnimationPropertyItem type="IntegerPropertyItem">
				<name>indentation</name>
				<isEditable value="false" />
				<label></label>
				<value><int>1</int></value>
			</AnimationPropertyItem>
			<AnimationPropertyItem type="ColorPropertyItem">
				<name>color</name>
				<isEditable value="true" />
				<label></label>
				<value><Color>(0, 0, 0)</Color></value>
			</AnimationPropertyItem>
			<AnimationPropertyItem type="BooleanPropertyItem">
				<name>hidden</name>
				<isEditable value="false" />
				<label></label>
				<value><boolean value="false" /></value>
			</AnimationPropertyItem>
			<AnimationPropertyItem type="IntegerPropertyItem">
				<name>size</name>
				<isEditable value="true" />
				<label></label>
				<value><int>12</int></value>
			</AnimationPropertyItem>
			<AnimationPropertyItem type="StringPropertyItem">
				<name>name</name>
				<isEditable value="false" />
				<label></label>
				<value><String>sourceCodeProps</String></value>
			</AnimationPropertyItem>
			<AnimationPropertyItem type="BooleanPropertyItem">
				<name>bold</name>
				<isEditable value="true" />
				<label></label>
				<value><boolean value="false" /></value>
			</AnimationPropertyItem>
			<AnimationPropertyItem type="IntegerPropertyItem">
				<name>row</name>
				<isEditable value="false" />
				<label></label>
				<value><int>1</int></value>
			</AnimationPropertyItem>
			<AnimationPropertyItem type="BooleanPropertyItem">
				<name>italic</name>
				<isEditable value="true" />
				<label></label>
				<value><boolean value="false" /></value>
			</AnimationPropertyItem>
			<AnimationPropertyItem type="FontPropertyItem">
				<name>font</name>
				<isEditable value="true" />
				<label></label>
				<value><Font>SansSerif</Font></value>
			</AnimationPropertyItem>
		</AnimationProperties>
		<AnimationProperties type="CircleProperties">
			<AnimationPropertyItem type="ColorPropertyItem">
				<name>fillColor</name>
				<isEditable value="true" />
				<label></label>
				<value><Color>(0, 0, 0)</Color></value>
			</AnimationPropertyItem>
			<AnimationPropertyItem type="IntegerPropertyItem">
				<name>depth</name>
				<isEditable value="false" />
				<label></label>
				<value><int>1</int></value>
			</AnimationPropertyItem>
			<AnimationPropertyItem type="ColorPropertyItem">
				<name>color</name>
				<isEditable value="true" />
				<label></label>
				<value><Color>(0, 0, 0)</Color></value>
			</AnimationPropertyItem>
			<AnimationPropertyItem type="BooleanPropertyItem">
				<name>hidden</name>
				<isEditable value="false" />
				<label></label>
				<value><boolean value="false" /></value>
			</AnimationPropertyItem>
			<AnimationPropertyItem type="StringPropertyItem">
				<name>name</name>
				<isEditable value="false" />
				<label></label>
				<value><String>circleProps</String></value>
			</AnimationPropertyItem>
			<AnimationPropertyItem type="BooleanPropertyItem">
				<name>filled</name>
				<isEditable value="true" />
				<label></label>
				<value><boolean value="false" /></value>
			</AnimationPropertyItem>
		</AnimationProperties>
		<AnimationProperties type="TextProperties">
			<AnimationPropertyItem type="IntegerPropertyItem">
				<name>depth</name>
				<isEditable value="false" />
				<label></label>
				<value><int>1</int></value>
			</AnimationPropertyItem>
			<AnimationPropertyItem type="ColorPropertyItem">
				<name>color</name>
				<isEditable value="true" />
				<label></label>
				<value><Color>(0, 0, 0)</Color></value>
			</AnimationPropertyItem>
			<AnimationPropertyItem type="BooleanPropertyItem">
				<name>hidden</name>
				<isEditable value="false" />
				<label></label>
				<value><boolean value="false" /></value>
			</AnimationPropertyItem>
			<AnimationPropertyItem type="BooleanPropertyItem">
				<name>centered</name>
				<isEditable value="true" />
				<label></label>
				<value><boolean value="false" /></value>
			</AnimationPropertyItem>
			<AnimationPropertyItem type="StringPropertyItem">
				<name>name</name>
				<isEditable value="false" />
				<label></label>
				<value><String>textProps</String></value>
			</AnimationPropertyItem>
			<AnimationPropertyItem type="BooleanPropertyItem">
				<name>right</name>
				<isEditable value="true" />
				<label></label>
				<value><boolean value="false" /></value>
			</AnimationPropertyItem>
			<AnimationPropertyItem type="FontPropertyItem">
				<name>font</name>
				<isEditable value="true" />
				<label></label>
				<value><Font>SansSerif</Font></value>
			</AnimationPropertyItem>
		</AnimationProperties>
	</Folder>
</PropertiesTreeModel>
